,transaction_id,status,total_risk,customer_risk,country_risk,vessel_risk
0,1,Under Review,0,0.0,0.0,0.0
1,2,Unsatisfactory,123,25.317217822736435,10.475764022748749,87.20701815451481
2,3,Under Review,0,0.0,0.0,0.0
3,4,Under Review,0,0.0,0.0,0.0
4,5,Under Review,0,0.0,0.0,0.0
5,6,Satisfactory,32,14.056648378895517,14.60099692510439,3.3423546960000987
6,7,Satisfactory,75,30.797237406493217,15.031631472888543,29.171131120618234
7,8,Unsatisfactory,102,5.450426242930031,69.67296967411411,26.87660408295586
8,9,Satisfactory,69,25.076072310250826,29.88897591240411,14.034951777345057
9,10,Under Review,0,0.0,0.0,0.0
10,11,Under Review,0,0.0,0.0,0.0
11,12,Unsatisfactory,179,50.782486081143034,26.53276903853283,101.68474488032415
12,13,Satisfactory,7,0.53729676993805,3.2549828830660705,3.2077203469958797
13,14,Satisfactory,67,12.694956825427209,23.833509806216636,30.471533368356155
14,15,Satisfactory,49,12.595845770228305,33.568558475907,2.835595753864697
15,16,Unsatisfactory,104,42.15343124166063,23.040781398587313,38.80578735975206
16,17,Unsatisfactory,190,114.00209482339382,57.32982245580752,18.668082720798655
17,18,Satisfactory,90,33.26276923024529,16.01450939881462,40.722721370940086
18,19,Unsatisfactory,115,22.242518110746015,87.85255443960224,4.90492744965175
19,20,Unsatisfactory,127,45.92643020461511,50.90999229578053,30.163577499604354
20,21,Under Review,0,0.0,0.0,0.0
21,22,Under Review,0,0.0,0.0,0.0
22,23,Under Review,0,0.0,0.0,0.0
23,24,Under Review,0,0.0,0.0,0.0
24,25,Satisfactory,71,5.506783584071832,57.267847204337116,8.22536921159105
25,26,Satisfactory,11,5.7903878571994465,2.965240425858829,2.2443717169417243
26,27,Satisfactory,19,6.546884938213017,6.331918766067843,6.12119629571914
27,28,Under Review,0,0.0,0.0,0.0
28,29,Satisfactory,29,10.020735585278521,10.71209266050768,8.2671717542138
29,30,Unsatisfactory,179,59.23586891378169,68.88075270693069,50.88337837928763
30,31,Satisfactory,25,8.823559296783818,8.809822284706595,7.366618418509582
31,32,Unsatisfactory,125,25.025671663071773,64.66062233048923,35.31370600643899
32,33,Unsatisfactory,188,6.933063891911659,88.4699354107631,92.59700069732526
33,34,Satisfactory,39,2.8104236576927857,29.115414896265147,7.074161446042067
34,35,Satisfactory,83,43.91551170874888,34.63288315976576,4.4516051314853575
35,36,Under Review,0,0.0,0.0,0.0
36,37,Satisfactory,75,28.335105917874184,23.73094123858378,22.933952843542027
37,38,Unsatisfactory,126,35.32401683672937,36.03175367351595,54.6442294897547
38,39,Unsatisfactory,179,2.8174357548697335,127.06779971626243,49.11476452886781
39,40,Unsatisfactory,192,57.623481697960784,51.932779967291324,82.44373833474788
40,41,Satisfactory,48,21.82958067421332,11.998950408958468,14.171468916828209
41,42,Satisfactory,86,50.54943833464457,12.754634946307107,22.695926719048327
42,43,Unsatisfactory,115,16.385193464453074,41.13584679097052,57.47895974457641
43,44,Under Review,0,0.0,0.0,0.0
44,45,Satisfactory,76,3.45437205467848,36.49523965042687,36.05038829489465
45,46,Under Review,0,0.0,0.0,0.0
46,47,Under Review,0,0.0,0.0,0.0
47,48,Unsatisfactory,155,74.28870203650713,44.505445603105706,36.20585236038716
48,49,Satisfactory,64,35.9879925876597,7.535468288696186,20.47653912364412
49,50,Unsatisfactory,198,46.02613235026263,79.63072969344181,72.34313795629554
50,51,Under Review,0,0.0,0.0,0.0
51,52,Satisfactory,86,11.168585257201437,43.4831822338422,31.348232508956368
52,53,Satisfactory,62,31.42595579814525,16.32176908045907,14.252275121395678
53,54,Under Review,0,0.0,0.0,0.0
54,55,Under Review,0,0.0,0.0,0.0
55,56,Under Review,0,0.0,0.0,0.0
56,57,Under Review,0,0.0,0.0,0.0
57,58,Under Review,0,0.0,0.0,0.0
58,59,Satisfactory,20,1.2463136361966791,16.249994630962156,2.5036917328411636
59,60,Unsatisfactory,111,38.92364078519498,30.207831641759082,41.86852757304592
60,61,Unsatisfactory,121,30.071468672767065,7.709622970957967,83.21890835627497
61,62,Unsatisfactory,131,42.95085347073658,49.548393124689774,38.50075340457364
62,63,Under Review,0,0.0,0.0,0.0
63,64,Unsatisfactory,153,47.92131480051915,40.89404946816616,64.18463573131469
64,65,Satisfactory,7,2.854578622033471,1.495239877859102,2.650181500107427
65,66,Satisfactory,64,22.75219393827919,14.529003296877077,26.718802764843726
66,67,Unsatisfactory,188,40.54448401817968,10.37959562347691,137.0759203583434
67,68,Satisfactory,38,9.460044260454195,14.607445362428937,13.932510377116866
68,69,Unsatisfactory,121,13.726666169103856,83.47629726888421,23.797036562011932
69,70,Unsatisfactory,134,21.338140748183516,42.709292822287644,69.95256642952884
70,71,Under Review,0,0.0,0.0,0.0
71,72,Satisfactory,20,10.744754420043014,6.861686655152855,2.393558924804129
72,73,Satisfactory,71,21.456185421633844,25.50644649857151,24.037368079794646
73,74,Unsatisfactory,109,32.3616070661288,63.70003051323499,12.938362420636215
74,75,Unsatisfactory,143,71.46709549450888,64.6456538923534,6.887250613137747
75,76,Satisfactory,89,3.7014525023967995,69.74466504930771,15.553882448295486
76,77,Unsatisfactory,179,66.03602828319704,45.58066926855628,67.38330244824668
77,78,Under Review,0,0.0,0.0,0.0
78,79,Satisfactory,33,11.086994271187061,13.72040754079161,8.19259818802133
79,80,Unsatisfactory,111,47.87124980627562,33.628839442554096,29.499910751170273
80,81,Satisfactory,16,3.4566113207816853,7.150542420566611,5.392846258651704
81,82,Unsatisfactory,127,10.410495887934898,76.47194682451197,40.11755728755311
82,83,Satisfactory,24,2.667672194827714,11.616446537438579,9.715881267733709
83,84,Under Review,0,0.0,0.0,0.0
84,85,Under Review,0,0.0,0.0,0.0
85,86,Unsatisfactory,184,105.40698321317535,49.768169202261305,28.824847584563344
86,87,Satisfactory,48,16.166107321701766,3.122962143016883,28.710930535281353
87,88,Unsatisfactory,169,67.77688959286026,54.48691081321083,46.736199593928916
88,89,Under Review,0,0.0,0.0,0.0
89,90,Under Review,0,0.0,0.0,0.0
90,91,Under Review,0,0.0,0.0,0.0
91,92,Unsatisfactory,121,8.186859764636496,48.45124651677824,64.36189371858526
92,93,Unsatisfactory,157,65.43986396076751,63.82546960232095,27.734666436911557
93,94,Under Review,0,0.0,0.0,0.0
94,95,Unsatisfactory,112,66.82843395700507,41.78501151120372,3.386554531791208
95,96,Satisfactory,55,18.82138987355078,5.647965330853015,30.530644795596203
96,97,Under Review,0,0.0,0.0,0.0
97,98,Satisfactory,69,44.296843139815444,11.126008558717343,13.57714830146721
98,99,Satisfactory,37,18.511649521350332,5.445637208461959,13.042713270187708
99,100,Under Review,0,0.0,0.0,0.0
100,101,Under Review,0,0.0,0.0,0.0
101,102,Under Review,0,0.0,0.0,0.0
102,103,Satisfactory,23,4.796054898034604,10.284475536421542,7.919469565543852
103,104,Under Review,0,0.0,0.0,0.0
104,105,Under Review,0,0.0,0.0,0.0
105,106,Satisfactory,86,37.76204578503729,28.407160009279462,19.83079420568325
106,107,Satisfactory,68,33.27309519585668,6.404647744810433,28.322257059332877
107,108,Under Review,0,0.0,0.0,0.0
108,109,Satisfactory,20,7.591666588643871,3.338068166012013,9.070265245344117
109,110,Satisfactory,94,61.274074817955174,7.025292762099441,25.700632419945386
110,111,Under Review,0,0.0,0.0,0.0
111,112,Satisfactory,16,6.113423732439816,8.081736931975364,1.8048393355848205
112,113,Unsatisfactory,147,34.98412120390127,65.3669293724709,46.64894942362783
113,114,Under Review,0,0.0,0.0,0.0
114,115,Satisfactory,96,19.169221069048426,40.03597784582263,36.794801085128945
115,116,Satisfactory,36,9.272103703108645,15.966683333886998,10.761212963004361
116,117,Unsatisfactory,159,91.26427936438395,27.988230433903144,39.747490201712914
117,118,Satisfactory,89,42.63712094813621,2.2386129771221714,44.12426607474163
118,119,Under Review,0,0.0,0.0,0.0
119,120,Satisfactory,6,2.6599834004867597,2.76588107356073,0.5741355259525098
120,121,Under Review,0,0.0,0.0,0.0
121,122,Satisfactory,80,30.995641876130517,16.645895233617026,32.35846289025245
122,123,Satisfactory,67,34.40484401480197,3.7148426027984858,28.88031338239955
123,124,Unsatisfactory,140,39.46659909426553,55.4374632145623,45.09593769117216
124,125,Satisfactory,92,27.84602537744416,38.45398624348272,25.699988379073133
125,126,Under Review,0,0.0,0.0,0.0
126,127,Satisfactory,11,7.026688332531597,3.6223709987185977,0.3509406687498067
127,128,Unsatisfactory,129,7.413081774230681,48.73914498882796,72.84777323694136
128,129,Under Review,0,0.0,0.0,0.0
129,130,Satisfactory,26,16.843122098962798,3.784823248154752,5.372054652882448
130,131,Satisfactory,67,26.42481163420219,21.19750880218006,19.377679563617743
131,132,Unsatisfactory,105,53.51127248396898,47.77992576707538,3.7088017489556377
132,133,Unsatisfactory,141,6.2602662238084,98.69879900059517,36.04093477559642
133,134,Under Review,0,0.0,0.0,0.0
134,135,Under Review,0,0.0,0.0,0.0
135,136,Satisfactory,11,0.026231603133301817,5.979031994726559,4.9947364021401395
136,137,Unsatisfactory,175,31.59919923111302,69.36763469393124,74.03316607495574
137,138,Satisfactory,8,4.968694529341186,1.7366934812605004,1.2946119893983135
138,139,Under Review,0,0.0,0.0,0.0
139,140,Satisfactory,52,11.785161641544883,23.713058451299965,16.501779907155157
140,141,Unsatisfactory,154,67.83856794458572,4.136657508421181,82.0247745469931
141,142,Unsatisfactory,108,81.29747665479988,22.562851303341287,4.139672041858839
142,143,Unsatisfactory,192,14.942778237597395,86.01554521679346,91.04167654560914
143,144,Unsatisfactory,137,48.26132093983826,2.059070313330283,86.67960874683146
144,145,Under Review,0,0.0,0.0,0.0
145,146,Unsatisfactory,190,57.36791814609546,17.407963723918304,115.22411812998622
146,147,Under Review,0,0.0,0.0,0.0
147,148,Under Review,0,0.0,0.0,0.0
148,149,Under Review,0,0.0,0.0,0.0
149,150,Unsatisfactory,100,6.725175517537411,29.644390894922683,63.630433587539905
150,151,Under Review,0,0.0,0.0,0.0
151,152,Satisfactory,21,8.722102550770538,6.555284494371137,5.722612954858327
152,153,Under Review,0,0.0,0.0,0.0
153,154,Satisfactory,40,8.016831418501699,16.995100998691687,14.988067582806615
154,155,Unsatisfactory,106,23.056263114890644,46.11541995398354,36.82831693112581
155,156,Satisfactory,3,1.7995267279763572,0.009507114090231436,1.1909661579334117
156,157,Unsatisfactory,113,66.5271319432977,30.934012080973247,15.53885597572906
157,158,Satisfactory,45,17.365707144312182,18.243104171018445,9.391188684669373
158,159,Under Review,0,0.0,0.0,0.0
159,160,Satisfactory,73,29.2195244354715,26.632986713122474,17.147488851406028
160,161,Unsatisfactory,119,25.021145592949022,36.437049708561936,57.541804698489045
161,162,Under Review,0,0.0,0.0,0.0
162,163,Satisfactory,80,34.05912808492787,17.31578307868339,28.62508883638874
163,164,Unsatisfactory,185,100.72431790202715,51.47533467251173,32.80034742546112
164,165,Under Review,0,0.0,0.0,0.0
165,166,Unsatisfactory,100,30.58864005951164,25.325562257694028,44.085797682794336
166,167,Satisfactory,42,15.857933431032853,15.190702329109685,10.95136423985746
167,168,Unsatisfactory,179,104.99632885263243,62.40584350730401,11.597827640063564
168,169,Unsatisfactory,129,20.413120588640055,50.941491465252014,57.64538794610793
169,170,Satisfactory,29,9.944411636870607,7.015447396398807,12.040140966730586
170,171,Satisfactory,76,25.67984692772853,38.60082093608526,11.719332136186207
171,172,Satisfactory,92,41.902388871339994,18.86589827514638,31.23171285351362
172,173,Unsatisfactory,187,88.88609319523552,83.9911911197168,14.12271568504769
173,174,Unsatisfactory,139,23.060611873107344,35.42006114764551,80.51932697924715
174,175,Unsatisfactory,172,46.014013794627445,67.9789126529637,58.00707355240886
175,176,Satisfactory,95,19.6413947273006,52.49679168621742,22.86181358648196
176,177,Under Review,0,0.0,0.0,0.0
177,178,Under Review,0,0.0,0.0,0.0
178,179,Satisfactory,46,25.565940166952974,2.2173893225740633,18.216670510472955
179,180,Under Review,0,0.0,0.0,0.0
180,181,Unsatisfactory,133,68.49785859595211,22.76625164074928,41.73588976329862
181,182,Under Review,0,0.0,0.0,0.0
182,183,Satisfactory,66,31.96768517096088,2.2272028533928503,31.805111975646273
183,184,Unsatisfactory,125,36.325619366671155,60.46865565473888,28.20572497858997
184,185,Unsatisfactory,156,95.38359096522886,52.193350746464844,8.423058288306267
185,186,Satisfactory,64,13.3554327720889,27.99177063502053,22.65279659289057
186,187,Unsatisfactory,135,41.1461885027716,69.70733325763136,24.146478239597045
187,188,Unsatisfactory,122,47.29714756352235,42.83124932466706,31.871603111810593
188,189,Satisfactory,13,8.429843441484874,3.9244719344706978,0.645684624044428
189,190,Satisfactory,0,0.0,0.0,0.0
190,191,Satisfactory,22,8.166022547328282,9.946060123862322,3.8879173288093956
191,192,Under Review,0,0.0,0.0,0.0
192,193,Under Review,0,0.0,0.0,0.0
193,194,Unsatisfactory,118,79.07810466836438,13.200029104831895,25.72186622680372
194,195,Unsatisfactory,191,101.8186842915584,41.23150338284491,47.94981232559668
195,196,Under Review,0,0.0,0.0,0.0
196,197,Satisfactory,24,3.71149589275987,10.31537659828972,9.973127508950412
197,198,Satisfactory,86,10.843914015970494,25.327313043866063,49.82877294016345
198,199,Under Review,0,0.0,0.0,0.0
199,200,Satisfactory,34,13.674420281559977,14.03201283869613,6.293566879743897
200,201,Satisfactory,3,1.3085021033669801,0.47522041509738966,1.2162774815356303
201,202,Satisfactory,83,30.863947772965282,35.56239382340121,16.5736584036335
202,203,Unsatisfactory,172,78.6196903286761,92.29539773914034,1.0849119321835148
203,204,Satisfactory,85,29.493771514892774,34.59702999654031,20.909198488566915
204,205,Satisfactory,61,25.979231348933972,22.72724826295846,12.29352038810757
205,206,Satisfactory,65,38.20617471746893,22.002910402295385,4.7909148802356905
206,207,Satisfactory,39,18.17064919080191,7.1540594386593,13.675291370538782
207,208,Unsatisfactory,166,117.66128999148552,39.31239327567495,9.026316732839533
208,209,Satisfactory,60,8.425499651758672,28.592385369832293,22.982114978409037
209,210,Under Review,0,0.0,0.0,0.0
210,211,Under Review,0,0.0,0.0,0.0
211,212,Under Review,0,0.0,0.0,0.0
212,213,Under Review,0,0.0,0.0,0.0
213,214,Satisfactory,86,49.30357612761769,36.115787990310196,0.5806358820721116
214,215,Unsatisfactory,191,31.229862003630448,59.6091736379019,100.16096435846765
215,216,Satisfactory,9,3.8732815047267133,4.9466626190361405,0.18005587623714653
216,217,Satisfactory,10,1.7993603916471954,4.863157383599105,3.337482224753699
217,218,Under Review,0,0.0,0.0,0.0
218,219,Satisfactory,1,0.33913621281410966,0.2917006659089765,0.3691631212769139
219,220,Satisfactory,4,1.4248153062618572,1.150621518409509,1.4245631753286343
220,221,Under Review,0,0.0,0.0,0.0
221,222,Satisfactory,31,13.612593243773318,3.00487873654453,14.38252801968215
222,223,Under Review,0,0.0,0.0,0.0
223,224,Unsatisfactory,148,129.95153740445517,7.375126705185013,10.673335890359851
224,225,Satisfactory,14,7.31063555245387,1.8357221526574723,4.853642294888658
225,226,Unsatisfactory,178,75.59469433507138,11.924252546337016,90.48105311859163
226,227,Satisfactory,39,12.26298550398797,13.162333123398902,13.574681372613131
227,228,Unsatisfactory,122,12.409263729551691,30.59868976613752,78.99204650431078
228,229,Satisfactory,16,7.597102438703624,4.840233186324686,3.562664374971689
229,230,Satisfactory,71,17.374707492324955,48.725490795004504,4.8998017126705395
230,231,Satisfactory,13,6.11485123535894,5.809653566963705,1.0754951976773561
231,232,Satisfactory,4,2.762573465850423,1.0375433413707165,0.19988319277886057
232,233,Unsatisfactory,192,6.2250627406547725,81.3279912864508,104.44694597289444
233,234,Satisfactory,87,42.912641155493375,7.235758297094139,36.85160054741249
234,235,Satisfactory,24,7.641599894081912,7.401755327128698,8.956644778789393
235,236,Unsatisfactory,120,56.36272033128626,25.282568933498762,38.35471073521498
236,237,Under Review,0,0.0,0.0,0.0
237,238,Under Review,0,0.0,0.0,0.0
238,239,Unsatisfactory,118,11.273537996182252,46.07491015624891,60.65155184756883
239,240,Under Review,0,0.0,0.0,0.0
240,241,Under Review,0,0.0,0.0,0.0
241,242,Under Review,0,0.0,0.0,0.0
242,243,Under Review,0,0.0,0.0,0.0
243,244,Satisfactory,71,32.1341389081724,18.33303857666852,20.53282251515906
244,245,Under Review,0,0.0,0.0,0.0
245,246,Satisfactory,31,18.63842517472143,8.222539860701575,4.139034964576997
246,247,Satisfactory,30,1.4954857514149795,7.62963909324471,20.874875155340312
247,248,Under Review,0,0.0,0.0,0.0
248,249,Unsatisfactory,186,39.71152461292378,34.62559424459073,111.6628811424855
249,250,Unsatisfactory,127,34.66158575013025,77.24278452416567,15.095629725704082
250,251,Under Review,0,0.0,0.0,0.0
251,252,Under Review,0,0.0,0.0,0.0
252,253,Satisfactory,32,12.354006490423606,2.718313051434896,16.9276804581415
253,254,Under Review,0,0.0,0.0,0.0
254,255,Under Review,0,0.0,0.0,0.0
255,256,Satisfactory,89,3.5155777363785123,50.90759082342549,34.57683144019601
256,257,Under Review,0,0.0,0.0,0.0
257,258,Unsatisfactory,165,45.86517559510975,53.25998379098832,65.87484061390191
258,259,Unsatisfactory,144,64.6564731963187,8.997294469608578,70.34623233407272
259,260,Unsatisfactory,146,73.22549698579574,0.27798223427136265,72.49652077993291
260,261,Unsatisfactory,106,30.56361563516476,33.2145597532223,42.221824611612945
261,262,Satisfactory,63,23.7878075569843,28.42557432946021,10.786618113555487
262,263,Under Review,0,0.0,0.0,0.0
263,264,Unsatisfactory,110,62.60038164109355,2.9285623985855347,44.47105596032092
264,265,Unsatisfactory,191,100.54476061043785,33.58471045750245,56.8705289320597
265,266,Under Review,0,0.0,0.0,0.0
266,267,Under Review,0,0.0,0.0,0.0
267,268,Under Review,0,0.0,0.0,0.0
268,269,Unsatisfactory,120,21.242430593128397,42.13517873219644,56.62239067467517
269,270,Unsatisfactory,169,61.56441956584743,66.43794131294374,40.99763912120883
270,271,Unsatisfactory,181,64.99223035837544,85.4106796275927,30.597090014031874
271,272,Under Review,0,0.0,0.0,0.0
272,273,Under Review,0,0.0,0.0,0.0
273,274,Under Review,0,0.0,0.0,0.0
274,275,Unsatisfactory,193,66.92983449232064,2.0009494868166513,124.06921602086274
275,276,Under Review,0,0.0,0.0,0.0
276,277,Unsatisfactory,158,41.37791905644597,11.984122762865306,104.63795818068873
277,278,Unsatisfactory,190,23.992988941383423,124.80191453999942,41.20509651861716
278,279,Satisfactory,19,1.14341205727076,12.684271615246201,5.172316327483042
279,280,Unsatisfactory,100,27.82975639224887,40.186764326452696,31.983479281298433
280,281,Under Review,0,0.0,0.0,0.0
281,282,Satisfactory,83,35.0223131548353,33.49157579604705,14.486111049117648
282,283,Unsatisfactory,199,101.97646758922961,57.01001243184119,40.0135199789292
283,284,Unsatisfactory,158,24.02238333264324,32.9438782832074,101.03373838414934
284,285,Satisfactory,49,18.629511982781366,20.25539686135247,10.11509115586617
285,286,Unsatisfactory,125,51.86127637110233,61.167208698429484,11.971514930468187
286,287,Satisfactory,44,7.811213794157977,19.550267936905975,16.638518268936046
287,288,Satisfactory,94,35.622610294429606,54.895261575034155,3.4821281305362284
288,289,Satisfactory,1,0.3660892602329912,0.5163736144182545,0.11753712534875436
289,290,Unsatisfactory,174,40.75565896389853,60.91331825889835,72.33102277720313
290,291,Under Review,0,0.0,0.0,0.0
291,292,Unsatisfactory,160,104.84615578001635,36.56947309853141,18.58437112145225
292,293,Under Review,0,0.0,0.0,0.0
293,294,Under Review,0,0.0,0.0,0.0
294,295,Unsatisfactory,109,32.83827502811786,67.79373842839192,8.367986543490234
295,296,Under Review,0,0.0,0.0,0.0
296,297,Satisfactory,2,1.1085091690345614,0.4438645594284925,0.44762627153694584
297,298,Satisfactory,44,18.80121208660335,21.632396629347323,3.5663912840493275
298,299,Unsatisfactory,137,13.078837983606439,82.24970502335245,41.67145699304112
299,300,Under Review,0,0.0,0.0,0.0
300,301,Unsatisfactory,142,62.24675821424611,46.69763608644077,33.05560569931312
301,302,Under Review,0,0.0,0.0,0.0
302,303,Unsatisfactory,125,40.141046513594716,32.05108409585055,52.80786939055474
303,304,Under Review,0,0.0,0.0,0.0
304,305,Under Review,0,0.0,0.0,0.0
305,306,Satisfactory,82,20.78318863914519,2.083278745447009,59.1335326154078
306,307,Unsatisfactory,119,60.36177812427671,24.257110014964926,34.38111186075835
307,308,Under Review,0,0.0,0.0,0.0
308,309,Under Review,0,0.0,0.0,0.0
309,310,Under Review,0,0.0,0.0,0.0
310,311,Satisfactory,22,6.969072137217492,4.489749938463677,10.541177924318829
311,312,Under Review,0,0.0,0.0,0.0
312,313,Satisfactory,30,12.561844718065519,10.699877261504366,6.738278020430118
313,314,Satisfactory,22,8.957691026986275,8.028194753260289,5.014114219753436
314,315,Satisfactory,70,28.027837031417405,23.08793325611932,18.884229712463267
315,316,Unsatisfactory,161,43.59608642460921,66.18925960888726,51.21465396650352
316,317,Unsatisfactory,115,4.37982525302933,54.44603666907954,56.17413807789113
317,318,Satisfactory,91,45.53438531390214,23.79276101857648,21.672853667521373
318,319,Under Review,0,0.0,0.0,0.0
319,320,Unsatisfactory,171,35.03440279038754,108.79836522001372,27.167231989598736
320,321,Satisfactory,16,2.84439989296956,0.7470375869422976,12.408562520088141
321,322,Satisfactory,91,1.0628668201604672,33.141315235666596,56.79581794417294
322,323,Unsatisfactory,140,40.074619265893745,7.971439339454104,91.95394139465216
323,324,Satisfactory,69,14.043067330414969,28.229414255469706,26.72751841411532
324,325,Under Review,0,0.0,0.0,0.0
325,326,Under Review,0,0.0,0.0,0.0
326,327,Satisfactory,64,27.862839642723838,28.90583021293197,7.2313301443441995
327,328,Unsatisfactory,181,5.93860257830647,27.573181279999506,147.488216141694
328,329,Under Review,0,0.0,0.0,0.0
329,330,Unsatisfactory,186,113.56520893542759,57.39241550168443,15.04237556288794
330,331,Satisfactory,39,11.730606696514805,9.718974614710442,17.55041868877475
331,332,Unsatisfactory,120,42.475699691281285,52.800274118915006,24.72402618980371
332,333,Satisfactory,33,11.61455192723382,10.330394729149313,11.055053343616864
333,334,Satisfactory,45,25.030087439074503,13.656155131281421,6.313757429644081
334,335,Under Review,0,0.0,0.0,0.0
335,336,Satisfactory,14,4.889970750776184,7.260142111319575,1.8498871379042408
336,337,Under Review,0,0.0,0.0,0.0
337,338,Satisfactory,70,32.22629809858271,19.20046714743963,18.57323475397765
338,339,Satisfactory,75,21.563270866747565,14.78669647415656,38.65003265909588
339,340,Unsatisfactory,166,50.173682681057024,47.461375168929905,68.36494215001309
340,341,Under Review,0,0.0,0.0,0.0
341,342,Under Review,0,0.0,0.0,0.0
342,343,Unsatisfactory,164,7.557332820421045,11.61008423191615,144.83258294766281
343,344,Unsatisfactory,133,91.40819088967605,31.117109544322762,10.474699566001167
344,345,Satisfactory,19,1.298157942256743,17.06204869148864,0.6397933662546139
345,346,Unsatisfactory,163,35.72699242286052,100.19221830423191,27.080789272907563
346,347,Under Review,0,0.0,0.0,0.0
347,348,Satisfactory,0,0.0,0.0,0.0
348,349,Under Review,0,0.0,0.0,0.0
349,350,Satisfactory,76,17.174346898489222,16.03890254918289,42.786750552327895
350,351,Under Review,0,0.0,0.0,0.0
351,352,Unsatisfactory,194,143.68814509877328,11.600667532501449,38.71118736872529
352,353,Satisfactory,27,15.895436860339906,7.826459385244457,3.278103754415633
353,354,Unsatisfactory,150,42.66649855009249,74.56237107462542,32.771130375282084
354,355,Satisfactory,98,78.00911475228831,4.882490782748559,15.108394464963128
355,356,Under Review,0,0.0,0.0,0.0
356,357,Under Review,0,0.0,0.0,0.0
357,358,Unsatisfactory,164,6.412812178073278,82.21034106074922,75.3768467611775
358,359,Satisfactory,97,44.69891456274732,1.1863754320987903,51.114710005153896
359,360,Under Review,0,0.0,0.0,0.0
360,361,Unsatisfactory,154,38.45188797094081,57.59498813686635,57.953123892192835
361,362,Unsatisfactory,181,98.6989476535984,20.404580056831048,61.89647228957056
362,363,Unsatisfactory,107,34.11607592861817,16.780260579291806,56.103663492090014
363,364,Satisfactory,91,42.07114726649304,17.74825188100202,31.180600852504945
364,365,Satisfactory,14,7.878864308091926,5.965987768857099,0.15514792305097497
365,366,Unsatisfactory,140,50.71308430143846,6.864922219462102,82.42199347909944
366,367,Unsatisfactory,159,31.633220804505168,75.92845717784259,51.43832201765225
367,368,Under Review,0,0.0,0.0,0.0
368,369,Under Review,0,0.0,0.0,0.0
369,370,Under Review,0,0.0,0.0,0.0
370,371,Satisfactory,92,37.95445422082607,41.919210563162046,12.126335216011881
371,372,Under Review,0,0.0,0.0,0.0
372,373,Under Review,0,0.0,0.0,0.0
373,374,Satisfactory,43,8.403335593169187,12.958399881987958,21.638264524842853
374,375,Unsatisfactory,167,78.13746529975433,8.739823088944457,80.12271161130121
375,376,Under Review,0,0.0,0.0,0.0
376,377,Unsatisfactory,166,32.26833676674661,0.13096109221121585,133.60070214104218
377,378,Under Review,0,0.0,0.0,0.0
378,379,Unsatisfactory,162,24.88677637860994,103.60423542922629,33.508988192163756
379,380,Under Review,0,0.0,0.0,0.0
380,381,Under Review,0,0.0,0.0,0.0
381,382,Satisfactory,64,15.841805107490632,25.51127420768067,22.646920684828704
382,383,Satisfactory,97,28.60275666752965,36.38458179624707,32.012661536223284
383,384,Satisfactory,3,0.004786601414867345,2.769988754923128,0.22522464366200473
384,385,Unsatisfactory,109,38.98054712404504,17.1826146870873,52.83683818886767
385,386,Unsatisfactory,135,63.44914207373086,12.881931054938933,58.66892687133021
386,387,Satisfactory,67,18.740641990646857,22.58279639702795,25.676561612325198
387,388,Under Review,0,0.0,0.0,0.0
388,389,Satisfactory,8,3.5889957714882983,2.057793150065318,2.3532110784463827
389,390,Unsatisfactory,178,61.48273467193686,50.60241260829429,65.91485271976887
390,391,Satisfactory,69,24.448608595933944,23.57529604122125,20.9760953628448
391,392,Under Review,0,0.0,0.0,0.0
392,393,Under Review,0,0.0,0.0,0.0
393,394,Under Review,0,0.0,0.0,0.0
394,395,Unsatisfactory,124,47.94913896872175,30.48006037295419,45.570800658324075
395,396,Satisfactory,25,5.45197942165098,16.99121902491541,2.5568015534336084
396,397,Unsatisfactory,189,65.11284121292681,79.20925205209358,44.6779067349796
397,398,Satisfactory,11,2.726540331203318,4.2168124188996945,4.056647249896988
398,399,Satisfactory,57,15.225137672416682,6.27010691433316,35.50475541325015
399,400,Under Review,0,0.0,0.0,0.0
400,401,Unsatisfactory,157,63.25025414016975,66.6688426742729,27.080903185557364
401,402,Unsatisfactory,184,74.56618550722277,51.580211283268106,57.853603209509124
402,403,Under Review,0,0.0,0.0,0.0
403,404,Under Review,0,0.0,0.0,0.0
404,405,Satisfactory,67,20.62100525886964,18.893411924394336,27.48558281673602
405,406,Satisfactory,96,33.43732189774628,14.417703303793417,48.144974798460304
406,407,Unsatisfactory,131,42.91364563300671,84.47884669756485,3.6075076694284385
407,408,Unsatisfactory,190,58.644391050471945,125.40195373544441,5.953655214083653
408,409,Unsatisfactory,134,50.408548052226365,37.45509542221275,46.13635652556087
409,410,Satisfactory,63,26.3669387968327,27.567317872958295,9.065743330209003
410,411,Unsatisfactory,183,33.848203616170785,88.57909883361978,60.57269755020944
411,412,Under Review,0,0.0,0.0,0.0
412,413,Under Review,0,0.0,0.0,0.0
413,414,Under Review,0,0.0,0.0,0.0
414,415,Satisfactory,84,11.491153544977902,58.8229407476073,13.685905707414804
415,416,Unsatisfactory,155,92.3788109947026,20.33603243902813,42.285156566269265
416,417,Under Review,0,0.0,0.0,0.0
417,418,Under Review,0,0.0,0.0,0.0
418,419,Under Review,0,0.0,0.0,0.0
419,420,Unsatisfactory,135,72.85181268867763,45.477223423525054,16.670963887797335
420,421,Satisfactory,15,9.673205383292899,3.8795708072270774,1.4472238094800227
421,422,Under Review,0,0.0,0.0,0.0
422,423,Under Review,0,0.0,0.0,0.0
423,424,Under Review,0,0.0,0.0,0.0
424,425,Under Review,0,0.0,0.0,0.0
425,426,Satisfactory,43,11.327440538968956,21.432402996850637,10.24015646418041
426,427,Unsatisfactory,194,50.19008709193802,28.762713188279793,115.04719971978218
427,428,Satisfactory,35,8.763525529055826,12.26208884415323,13.97438562679094
428,429,Satisfactory,8,3.234390022565733,3.052380870353194,1.7132291070810737
429,430,Unsatisfactory,165,37.24070101387522,66.2020650614433,61.557233924681476
430,431,Under Review,0,0.0,0.0,0.0
431,432,Satisfactory,11,2.860204696074237,4.60287324502169,3.5369220589040724
432,433,Satisfactory,26,18.775699897263394,3.3965159748351983,3.827784127901407
433,434,Unsatisfactory,197,57.199149566340225,63.7238642291146,76.07698620454518
434,435,Under Review,0,0.0,0.0,0.0
435,436,Unsatisfactory,124,18.84465751795259,98.62560456626154,6.529737915785867
436,437,Unsatisfactory,110,44.21655699382726,64.38535184843346,1.3980911577392723
437,438,Under Review,0,0.0,0.0,0.0
438,439,Satisfactory,34,8.883517554881385,12.021722261916185,13.094760183202432
439,440,Satisfactory,77,21.24880275602014,20.814571400787543,34.936625843192324
440,441,Satisfactory,94,64.5411795138646,19.07740800395368,10.381412482181723
441,442,Satisfactory,80,41.87114524085192,8.191565696473107,29.937289062674974
442,443,Unsatisfactory,141,3.488740541231822,71.40804879790672,66.10321066086145
443,444,Satisfactory,41,3.8031485958796463,28.19203982156654,9.004811582553826
444,445,Unsatisfactory,187,159.27448208620942,20.123794270735797,7.601723643054779
445,446,Unsatisfactory,168,78.5392472846411,54.62806796232448,34.8326847530344
446,447,Under Review,0,0.0,0.0,0.0
447,448,Unsatisfactory,124,12.143288406954849,58.72124139940383,53.13547019364132
448,449,Under Review,0,0.0,0.0,0.0
449,450,Unsatisfactory,157,67.12272430444327,89.74944722761583,0.12782846794091945
450,451,Under Review,0,0.0,0.0,0.0
451,452,Satisfactory,88,20.107235214474358,21.26428562387971,46.62847916164593
452,453,Under Review,0,0.0,0.0,0.0
453,454,Satisfactory,11,5.709711887999722,4.2719584535851585,1.0183296584151187
454,455,Unsatisfactory,167,73.92740168007133,69.83684878639018,23.235749533538506
455,456,Unsatisfactory,139,38.71628362670487,44.31988150352556,55.96383486976956
456,457,Satisfactory,30,13.35361946394509,1.7253909910599101,14.920989544994997
457,458,Satisfactory,20,9.46435344650558,1.503514306012099,9.03213224748232
458,459,Satisfactory,54,19.41919142214027,16.045365476361305,18.53544310149843
459,460,Satisfactory,33,0.46629036927519113,23.480471641380344,9.053237989344465
460,461,Satisfactory,12,5.406569979603493,0.508275865838074,6.085154154558435
461,462,Under Review,0,0.0,0.0,0.0
462,463,Unsatisfactory,147,43.466415500681876,26.677278892339963,76.85630560697817
463,464,Under Review,0,0.0,0.0,0.0
464,465,Satisfactory,34,7.08626656002864,15.825579902387435,11.088153537583924
465,466,Satisfactory,45,18.474173463618364,22.047436316450774,4.478390219930861
466,467,Satisfactory,72,34.1106146273254,33.23571936154196,4.653666011132652
467,468,Under Review,0,0.0,0.0,0.0
468,469,Satisfactory,24,10.959246262704152,2.6392341139014928,10.401519623394357
469,470,Under Review,0,0.0,0.0,0.0
470,471,Unsatisfactory,129,63.79071541146707,50.06178127104323,15.147503317489695
471,472,Satisfactory,82,17.104800893311438,64.18026729671008,0.7149318099784774
472,473,Under Review,0,0.0,0.0,0.0
473,474,Satisfactory,79,7.33347936047468,34.369971209733706,37.296549429791604
474,475,Unsatisfactory,173,26.09495654769273,31.736418640728363,115.16862481157891
475,476,Satisfactory,10,3.665226643436629,0.3187480703829665,6.0160252861804056
476,477,Satisfactory,34,9.970725324090864,9.675882947870331,14.353391728038803
477,478,Under Review,0,0.0,0.0,0.0
478,479,Unsatisfactory,188,53.55691193904161,50.82697368881039,83.616114372148
479,480,Under Review,0,0.0,0.0,0.0
480,481,Unsatisfactory,196,26.25724382865383,39.699832272892806,130.04292389845335
481,482,Satisfactory,2,0.8632870551480135,0.556805506288746,0.5799074385632403
482,483,Unsatisfactory,180,23.65330230287703,62.78187336816911,93.56482432895389
483,484,Under Review,0,0.0,0.0,0.0
484,485,Satisfactory,20,6.058071445333889,4.708969098045634,9.232959456620476
485,486,Satisfactory,44,9.799631545499773,7.764451296411231,26.435917158088994
486,487,Unsatisfactory,186,44.64324032628095,86.0855556480284,55.271204025690615
487,488,Satisfactory,91,1.8979164771362467,82.09009705381254,7.011986469051212
488,489,Satisfactory,47,6.193849601046608,9.096006228314181,31.710144170639207
489,490,Unsatisfactory,124,56.48527539398604,63.631873073464725,3.8828515325492305
490,491,Satisfactory,75,2.064790958697031,46.18404124900671,26.751167792296254
491,492,Under Review,0,0.0,0.0,0.0
492,493,Satisfactory,83,3.4580777715165647,51.67569430858808,27.86622791989536
493,494,Under Review,0,0.0,0.0,0.0
494,495,Under Review,0,0.0,0.0,0.0
495,496,Under Review,0,0.0,0.0,0.0
496,497,Under Review,0,0.0,0.0,0.0
497,498,Satisfactory,40,17.136579001155834,17.826610785984382,5.036810212859781
498,499,Satisfactory,62,8.406109894923931,7.770211975774261,45.82367812930181
499,500,Unsatisfactory,145,59.581636879647164,28.702658700731522,56.715704419621325
500,501,Satisfactory,96,45.67387052648549,34.70257202787067,15.623557445643836
501,502,Under Review,0,0.0,0.0,0.0
502,503,Satisfactory,83,23.497536037926032,23.65707423009701,35.845389731976965
503,504,Satisfactory,92,24.338916586775984,24.322244806776737,43.33883860644727
504,505,Under Review,0,0.0,0.0,0.0
505,506,Unsatisfactory,161,4.195633051065308,63.34774768441751,93.45661926451716
506,507,Satisfactory,59,15.858877980662866,19.765319439554307,23.37580257978282
507,508,Unsatisfactory,158,63.71538024170016,45.33937317043987,48.94524658785996
508,509,Unsatisfactory,175,31.477676933877934,28.040052214911633,115.48227085121042
509,510,Under Review,0,0.0,0.0,0.0
510,511,Under Review,0,0.0,0.0,0.0
511,512,Unsatisfactory,168,86.18062429531653,75.23876990288223,6.580605801801244
512,513,Under Review,0,0.0,0.0,0.0
513,514,Under Review,0,0.0,0.0,0.0
514,515,Satisfactory,51,10.731062395973582,26.581089189311285,13.687848414715134
515,516,Under Review,0,0.0,0.0,0.0
516,517,Under Review,0,0.0,0.0,0.0
517,518,Unsatisfactory,134,8.080037549433246,47.48195787248457,78.43800457808219
518,519,Unsatisfactory,156,57.14259636736483,75.81995911184329,23.037444520791887
519,520,Under Review,0,0.0,0.0,0.0
520,521,Satisfactory,23,7.744638872799286,9.35861371582805,5.896747411372666
521,522,Under Review,0,0.0,0.0,0.0
522,523,Unsatisfactory,131,19.30882533677214,57.60341400171171,54.08776066151614
523,524,Unsatisfactory,119,66.02825500233028,43.98151898456733,8.990226013102388
524,525,Under Review,0,0.0,0.0,0.0
525,526,Under Review,0,0.0,0.0,0.0
526,527,Under Review,0,0.0,0.0,0.0
527,528,Under Review,0,0.0,0.0,0.0
528,529,Satisfactory,38,30.280898180409636,6.795694831255747,0.9234069883346128
529,530,Unsatisfactory,122,18.368728114416797,60.68133748621487,42.94993439936833
530,531,Satisfactory,81,50.244009134341766,30.314559322231347,0.441431543426882
531,532,Under Review,0,0.0,0.0,0.0
532,533,Under Review,0,0.0,0.0,0.0
533,534,Under Review,0,0.0,0.0,0.0
534,535,Satisfactory,37,13.694597737580098,9.281365974976483,14.024036287443415
535,536,Under Review,0,0.0,0.0,0.0
536,537,Under Review,0,0.0,0.0,0.0
537,538,Under Review,0,0.0,0.0,0.0
538,539,Satisfactory,4,0.7511623090028897,1.935125964261385,1.3137117267357254
539,540,Unsatisfactory,101,41.99141663985403,19.730383953102343,39.278199407043616
540,541,Under Review,0,0.0,0.0,0.0
541,542,Satisfactory,28,14.537416184144671,12.611578931192344,0.8510048846629831
542,543,Under Review,0,0.0,0.0,0.0
543,544,Unsatisfactory,178,49.6471973040447,73.05665886311586,55.29614383283945
544,545,Satisfactory,78,34.66224020627435,32.306540147123485,11.031219646602162
545,546,Satisfactory,73,11.088715892177902,46.36067269144028,15.550611416381823
546,547,Satisfactory,86,0.7813215113472406,27.83871692812289,57.379961560529864
547,548,Unsatisfactory,166,83.26375312187662,9.628427103886557,73.10781977423682
548,549,Under Review,0,0.0,0.0,0.0
549,550,Under Review,0,0.0,0.0,0.0
550,551,Satisfactory,80,19.78881233218828,30.41574623150285,29.795441436308884
551,552,Unsatisfactory,174,69.8350453274983,42.336280164450336,61.82867450805138
552,553,Satisfactory,53,2.6799035240473947,15.231914248196535,35.08818222775607
553,554,Unsatisfactory,107,58.49419194288475,5.975833720766572,42.52997433634867
554,555,Satisfactory,93,7.491123917261561,0.678708858966667,84.83016722377177
555,556,Satisfactory,9,2.3855382724799976,3.500312181488337,3.114149546031666
556,557,Under Review,0,0.0,0.0,0.0
557,558,Satisfactory,53,37.879614051603966,9.610984633113075,5.509401315282951
558,559,Unsatisfactory,121,47.28625641777028,54.58251658322816,19.131226999001562
559,560,Satisfactory,32,15.15714998760342,1.4144277355924062,15.428422276804172
560,561,Under Review,0,0.0,0.0,0.0
561,562,Satisfactory,32,6.78625995970355,3.565288529292413,21.648451511004037
562,563,Unsatisfactory,168,76.27913176395072,35.61495830407772,56.10590993197157
563,564,Under Review,0,0.0,0.0,0.0
564,565,Unsatisfactory,107,68.1084414956557,29.657786004577353,9.23377249976696
565,566,Under Review,0,0.0,0.0,0.0
566,567,Under Review,0,0.0,0.0,0.0
567,568,Unsatisfactory,129,37.36847597941593,69.96402172600652,21.66750229457754
568,569,Satisfactory,15,3.6355990771311175,7.673955716616622,3.690445206252261
569,570,Satisfactory,0,0.0,0.0,0.0
570,571,Unsatisfactory,159,70.04317894063001,52.49319891291175,36.463622146458256
571,572,Under Review,0,0.0,0.0,0.0
572,573,Unsatisfactory,108,38.812478498103644,38.95899526712947,30.22852623476689
573,574,Unsatisfactory,104,46.625633726214794,8.43327853926796,48.941087734517254
574,575,Under Review,0,0.0,0.0,0.0
575,576,Unsatisfactory,145,35.01485037582518,58.431579004352514,51.55357061982231
576,577,Unsatisfactory,199,56.7197973812512,68.82992149597473,73.45028112277409
577,578,Under Review,0,0.0,0.0,0.0
578,579,Satisfactory,22,1.416465530679243,11.251560822937218,9.331973646383538
579,580,Under Review,0,0.0,0.0,0.0
580,581,Under Review,0,0.0,0.0,0.0
581,582,Under Review,0,0.0,0.0,0.0
582,583,Unsatisfactory,190,22.12975769408546,121.63582743926145,46.23441486665308
583,584,Under Review,0,0.0,0.0,0.0
584,585,Under Review,0,0.0,0.0,0.0
585,586,Under Review,0,0.0,0.0,0.0
586,587,Satisfactory,28,5.293711818375577,11.623998917836705,11.082289263787716
587,588,Under Review,0,0.0,0.0,0.0
588,589,Unsatisfactory,146,67.76704409271446,18.729540169797307,59.503415737488254
589,590,Under Review,0,0.0,0.0,0.0
590,591,Unsatisfactory,135,79.23479570618758,15.737240355590819,40.02796393822158
591,592,Unsatisfactory,139,8.21002255903274,75.9934574468261,54.79651999414117
592,593,Satisfactory,14,8.153534660843611,2.205139137383677,3.6413262017727126
593,594,Unsatisfactory,196,2.2804190923705776,52.38615747987201,141.33342342775742
594,595,Under Review,0,0.0,0.0,0.0
595,596,Unsatisfactory,165,82.91984527589057,76.1703762547139,5.9097784693955395
596,597,Unsatisfactory,186,48.59116708721099,51.44521539424795,85.96361751854106
597,598,Satisfactory,15,3.1645045153883595,6.376289510247721,5.459205974363918
598,599,Under Review,0,0.0,0.0,0.0
599,600,Unsatisfactory,148,42.38534355483647,24.264673779655126,81.3499826655084
600,601,Satisfactory,38,13.065781855593954,20.955025200800712,3.979192943605332
601,602,Satisfactory,31,5.909700344714513,7.923097609812292,17.1672020454732
602,603,Under Review,0,0.0,0.0,0.0
603,604,Satisfactory,92,24.428508138177744,35.944730911001024,31.626760950821236
604,605,Under Review,0,0.0,0.0,0.0
605,606,Under Review,0,0.0,0.0,0.0
606,607,Satisfactory,88,51.41134904838512,17.170131035338557,19.418519916276313
607,608,Satisfactory,31,11.747843633141791,6.740628426547086,12.511527940311122
608,609,Unsatisfactory,152,39.61111783903407,7.515931788439267,104.87295037252666
609,610,Under Review,0,0.0,0.0,0.0
610,611,Unsatisfactory,136,65.47464842538689,35.594757917578,34.930593657035125
611,612,Unsatisfactory,150,65.91583389040623,60.45731547964352,23.626850629950248
612,613,Satisfactory,29,5.611400370129497,12.31093209689283,11.077667532977674
613,614,Under Review,0,0.0,0.0,0.0
614,615,Satisfactory,1,0.7718371878296186,0.17520138874031135,0.052961423430070056
615,616,Satisfactory,54,18.40469553446845,18.617378481106336,16.977925984425216
616,617,Under Review,0,0.0,0.0,0.0
617,618,Unsatisfactory,107,22.16067374319889,69.84264502394304,14.9966812328581
618,619,Satisfactory,30,15.235329996979054,14.218543381239492,0.5461266217814582
619,620,Satisfactory,17,4.10985631368218,4.496046337215555,8.394097349102266
620,621,Satisfactory,52,22.93758351600841,7.795332001138415,21.267084482853175
621,622,Unsatisfactory,168,76.87796434874473,78.77096455821791,12.351071093037364
622,623,Satisfactory,97,41.76910797734219,16.042938884729825,39.18795313792799
623,624,Unsatisfactory,198,34.0216915267407,105.7688978020756,58.209410671183704
624,625,Under Review,0,0.0,0.0,0.0
625,626,Under Review,0,0.0,0.0,0.0
626,627,Satisfactory,92,4.0537292851301965,70.31353881259591,17.6327319022739
627,628,Under Review,0,0.0,0.0,0.0
628,629,Under Review,0,0.0,0.0,0.0
629,630,Under Review,0,0.0,0.0,0.0
630,631,Unsatisfactory,143,40.77606285991442,46.15407559042262,56.06986154966295
631,632,Satisfactory,29,11.985140257721417,12.711574020198325,4.303285722080255
632,633,Satisfactory,51,24.78508467755934,25.569841118794272,0.6450742036463876
633,634,Under Review,0,0.0,0.0,0.0
634,635,Unsatisfactory,154,23.874586199491464,84.48836072470465,45.63705307580387
635,636,Under Review,0,0.0,0.0,0.0
636,637,Satisfactory,38,19.127890084383008,8.33433602180348,10.537773893813506
637,638,Under Review,0,0.0,0.0,0.0
638,639,Under Review,0,0.0,0.0,0.0
639,640,Unsatisfactory,106,16.577701256523888,62.807775348284984,26.614523395191135
640,641,Unsatisfactory,171,32.52545655260595,44.00528452957535,94.46925891781868
641,642,Under Review,0,0.0,0.0,0.0
642,643,Under Review,0,0.0,0.0,0.0
643,644,Under Review,0,0.0,0.0,0.0
644,645,Under Review,0,0.0,0.0,0.0
645,646,Satisfactory,43,16.353889439957268,16.686841581015436,9.959268979027302
646,647,Satisfactory,14,3.0573556805409337,4.834672107218783,6.107972212240284
647,648,Under Review,0,0.0,0.0,0.0
648,649,Unsatisfactory,100,23.14625211637685,18.83173985195058,58.02200803167257
649,650,Unsatisfactory,153,11.00892093493467,62.69913624241427,79.29194282265105
650,651,Unsatisfactory,122,27.397199804626087,71.33719994709053,23.265600248283373
651,652,Under Review,0,0.0,0.0,0.0
652,653,Under Review,0,0.0,0.0,0.0
653,654,Unsatisfactory,156,51.96131129312113,45.024953078964685,59.0137356279142
654,655,Under Review,0,0.0,0.0,0.0
655,656,Under Review,0,0.0,0.0,0.0
656,657,Unsatisfactory,139,65.5322708118673,32.16072215693093,41.30700703120177
657,658,Satisfactory,8,3.2288750994316424,1.2856682682181257,3.4854566323502314
658,659,Unsatisfactory,113,52.343286999298186,42.09074046767227,18.56597253302954
659,660,Under Review,0,0.0,0.0,0.0
660,661,Satisfactory,92,24.773693861987073,62.43154514912424,4.794760988888669
661,662,Satisfactory,99,49.156689562028895,12.049368754664107,37.793941683307
662,663,Unsatisfactory,130,6.48718933458263,59.795319646437434,63.71749101897993
663,664,Under Review,0,0.0,0.0,0.0
664,665,Under Review,0,0.0,0.0,0.0
665,666,Unsatisfactory,184,69.5574266543189,71.07289062845186,43.36968271722923
666,667,Satisfactory,23,5.057323263650552,10.774944121543784,7.1677326148056615
667,668,Under Review,0,0.0,0.0,0.0
668,669,Unsatisfactory,134,67.69223158159795,55.608111707017095,10.699656711384963
669,670,Satisfactory,57,35.7280972173051,1.432041874514958,19.839860908179947
670,671,Under Review,0,0.0,0.0,0.0
671,672,Satisfactory,65,32.75882754518123,27.52278563613048,4.718386818688293
672,673,Under Review,0,0.0,0.0,0.0
673,674,Satisfactory,89,51.87677436803212,28.591414082017973,8.5318115499499
674,675,Satisfactory,74,10.017677510737443,29.910912842997792,34.071409646264776
675,676,Under Review,0,0.0,0.0,0.0
676,677,Under Review,0,0.0,0.0,0.0
677,678,Unsatisfactory,111,27.170465729832927,63.24784551761266,20.581688752554406
678,679,Under Review,0,0.0,0.0,0.0
679,680,Satisfactory,24,11.838223607845682,3.89312541617605,8.268650975978268
680,681,Satisfactory,89,35.317424145984454,30.831580289207412,22.85099556480814
681,682,Under Review,0,0.0,0.0,0.0
682,683,Satisfactory,1,0.30394454543477917,0.303421597835023,0.3926338567301979
683,684,Satisfactory,53,11.545532011080699,14.896703918003567,26.55776407091573
684,685,Unsatisfactory,174,52.49566705698463,69.58294902609502,51.92138391692033
685,686,Under Review,0,0.0,0.0,0.0
686,687,Unsatisfactory,101,30.23674741164417,13.673658683006455,57.08959390534937
687,688,Unsatisfactory,104,77.93930849943949,5.754348767737077,20.306342732823424
688,689,Unsatisfactory,103,11.883329334810337,74.94453344580612,16.172137219383544
689,690,Satisfactory,16,5.410359987290743,3.863918288582001,6.725721724127255
690,691,Satisfactory,68,41.368720468608124,21.99943246512113,4.6318470662707485
691,692,Satisfactory,41,1.671369604491656,17.90133300907408,21.42729738643426
692,693,Satisfactory,92,38.74270840894879,29.399274101910446,23.858017489140767
693,694,Under Review,0,0.0,0.0,0.0
694,695,Satisfactory,39,20.384488324864325,12.33536363639329,6.280148038742385
695,696,Satisfactory,62,4.6615834794459134,39.71185426191223,17.626562258641854
696,697,Satisfactory,94,32.28242850768218,31.07566262671954,30.64190886559827
697,698,Satisfactory,68,14.934063326747134,32.44636688943611,20.619569783816758
698,699,Satisfactory,62,26.71277231780636,27.100236133361452,8.186991548832186
699,700,Under Review,0,0.0,0.0,0.0
700,701,Under Review,0,0.0,0.0,0.0
701,702,Under Review,0,0.0,0.0,0.0
702,703,Unsatisfactory,188,128.77081348658228,36.995338768179195,22.233847745238524
703,704,Satisfactory,0,0.0,0.0,0.0
704,705,Unsatisfactory,191,55.47928689660672,57.86253016127042,77.65818294212283
705,706,Under Review,0,0.0,0.0,0.0
706,707,Unsatisfactory,116,49.300422585095596,57.7353079826677,8.964269432236705
707,708,Unsatisfactory,131,5.831728758867223,44.51487630737389,80.6533949337589
708,709,Under Review,0,0.0,0.0,0.0
709,710,Satisfactory,75,21.393177067244977,38.9720470927145,14.634775840040525
710,711,Unsatisfactory,175,32.350901578574856,102.02363983603593,40.62545858538923
711,712,Under Review,0,0.0,0.0,0.0
712,713,Unsatisfactory,128,3.0711036905267997,34.41830281673658,90.5105934927366
713,714,Unsatisfactory,159,34.51881915964,35.68337505506068,88.79780578529932
714,715,Under Review,0,0.0,0.0,0.0
715,716,Unsatisfactory,169,49.26860813299529,14.979874866425751,104.75151700057899
716,717,Satisfactory,17,8.787156920454446,3.3941405908172912,4.8187024887282615
717,718,Satisfactory,71,23.18738816761669,28.538730263506583,19.27388156887672
718,719,Satisfactory,67,26.185034758600548,0.7731023120524476,40.04186292934701
719,720,Unsatisfactory,189,44.406513744580344,83.65952609477173,60.93396016064792
720,721,Under Review,0,0.0,0.0,0.0
721,722,Satisfactory,58,19.078849957721484,16.434651646199818,22.486498396078694
722,723,Satisfactory,28,3.417029606497471,17.230011812251107,7.352958581251421
723,724,Satisfactory,30,0.3334674393825323,18.139189608996443,11.527342951621026
724,725,Unsatisfactory,151,51.79101144614414,42.23065483754567,56.97833371631019
725,726,Satisfactory,30,3.2631249590314835,15.151274934347924,11.585600106620593
726,727,Under Review,0,0.0,0.0,0.0
727,728,Satisfactory,46,18.541346654901275,4.2345113850986085,23.224141960000114
728,729,Satisfactory,9,3.3959219401408816,2.159346673074412,3.4447313867847065
729,730,Unsatisfactory,112,63.57460570255784,38.28216936901986,10.143224928422294
730,731,Unsatisfactory,127,37.88999022546072,68.17479435342305,20.935215421116244
731,732,Under Review,0,0.0,0.0,0.0
732,733,Under Review,0,0.0,0.0,0.0
733,734,Unsatisfactory,154,61.99866449349892,51.28231328697074,40.71902221953035
734,735,Under Review,0,0.0,0.0,0.0
735,736,Unsatisfactory,163,36.429778057195655,33.80580261685397,92.76441932595037
736,737,Satisfactory,67,24.505711651543173,14.827826524982333,27.666461823474492
737,738,Satisfactory,1,0.26453432210827776,0.4520652030163948,0.28340047487532743
738,739,Satisfactory,98,33.85003381627815,5.1836535878999985,58.966312595821854
739,740,Unsatisfactory,125,9.637339747691486,60.68387959965004,54.678780652658475
740,741,Under Review,0,0.0,0.0,0.0
741,742,Unsatisfactory,100,18.36432907253069,27.270549517318944,54.365121410150365
742,743,Unsatisfactory,175,9.542172993509109,32.46217550942482,132.9956514970661
743,744,Unsatisfactory,105,48.193137633552915,42.70085941023816,14.106002956208918
744,745,Satisfactory,27,9.062438578914442,9.532848332941304,8.404713088144254
745,746,Under Review,0,0.0,0.0,0.0
746,747,Satisfactory,58,15.871869782255464,12.230721323282818,29.897408894461716
747,748,Under Review,0,0.0,0.0,0.0
748,749,Under Review,0,0.0,0.0,0.0
749,750,Unsatisfactory,156,4.218025693784621,4.572051897539129,147.20992240867625
750,751,Unsatisfactory,137,73.75672864184193,10.900672303226619,52.342599054931455
751,752,Under Review,0,0.0,0.0,0.0
752,753,Satisfactory,99,25.018095318242132,49.93089394027822,24.05101074147964
753,754,Satisfactory,90,33.52474239833487,43.169947610727675,13.305309990937452
754,755,Under Review,0,0.0,0.0,0.0
755,756,Unsatisfactory,143,77.38518926311761,52.797566717893844,12.817244018988552
756,757,Under Review,0,0.0,0.0,0.0
757,758,Under Review,0,0.0,0.0,0.0
758,759,Unsatisfactory,111,77.76215982385361,12.414271145228792,20.823569030917607
759,760,Under Review,0,0.0,0.0,0.0
760,761,Satisfactory,77,17.742348058139253,26.1545958232041,33.103056118656646
761,762,Unsatisfactory,194,92.65900181829811,41.52183844591639,59.819159735785504
762,763,Under Review,0,0.0,0.0,0.0
763,764,Satisfactory,55,9.83543938474397,21.29261876132376,23.871941853932277
764,765,Under Review,0,0.0,0.0,0.0
765,766,Unsatisfactory,187,38.41785882126375,105.72537573420723,42.85676544452902
766,767,Satisfactory,63,6.724249418144886,7.489715636168676,48.786034945686445
767,768,Satisfactory,44,15.055727826761995,16.28267296780601,12.661599205431994
768,769,Under Review,0,0.0,0.0,0.0
769,770,Unsatisfactory,177,85.33251048139114,57.02862323735414,34.63886628125469
770,771,Under Review,0,0.0,0.0,0.0
771,772,Unsatisfactory,148,66.54963352057602,60.659814196542726,20.790552282881258
772,773,Under Review,0,0.0,0.0,0.0
773,774,Unsatisfactory,142,0.992475537296543,45.50956785037119,95.49795661233227
774,775,Satisfactory,75,1.0768928404991625,33.95439179057137,39.968715368929466
775,776,Satisfactory,53,10.258404210975874,20.951085438747857,21.79051035027627
776,777,Under Review,0,0.0,0.0,0.0
777,778,Satisfactory,65,43.988365056479644,9.799865531462778,11.211769412057578
778,779,Unsatisfactory,140,10.514999277359925,41.852132724490495,87.63286799814956
779,780,Satisfactory,65,11.29667832306716,50.039174636181805,3.6641470407510255
780,781,Satisfactory,33,9.531567446815009,9.61819994087374,13.850232612311249
781,782,Under Review,0,0.0,0.0,0.0
782,783,Satisfactory,26,16.175922199523484,9.306513648951075,0.5175641515254438
783,784,Under Review,0,0.0,0.0,0.0
784,785,Satisfactory,32,7.971962597683567,12.296916781298732,11.731120621017704
785,786,Under Review,0,0.0,0.0,0.0
786,787,Unsatisfactory,124,72.42864696136954,23.29532787787489,28.276025160755573
787,788,Unsatisfactory,143,65.12848918473355,35.389571488235816,42.48193932703064
788,789,Satisfactory,67,33.7475400401153,13.465481510489363,19.786978449395335
789,790,Unsatisfactory,166,46.27496217883569,76.95983874584115,42.76519907532314
790,791,Unsatisfactory,130,57.59028963027408,8.92828304814986,63.48142732157606
791,792,Under Review,0,0.0,0.0,0.0
792,793,Unsatisfactory,140,69.02154892869486,28.36069595865415,42.61775511265098
793,794,Unsatisfactory,147,0.2959578964651243,69.40825841613419,77.29578368740069
794,795,Satisfactory,49,2.5142681281104746,7.28324362478535,39.20248824710417
795,796,Satisfactory,8,3.756329782541121,3.9793034316320166,0.2643667858268626
796,797,Under Review,0,0.0,0.0,0.0
797,798,Unsatisfactory,148,76.50661846327324,29.943483680733777,41.54989785599296
798,799,Unsatisfactory,107,17.48163702864171,23.4116545916546,66.10670837970369
799,800,Satisfactory,93,57.727412879546996,18.19416218192154,17.078424938531466
800,801,Unsatisfactory,165,33.468893920192734,24.313560420018597,107.21754565978867
801,802,Satisfactory,28,7.723877293283744,16.266226820420197,4.009895886296062
802,803,Under Review,0,0.0,0.0,0.0
803,804,Unsatisfactory,123,30.76409837245,40.72468266795152,51.51121895959849
804,805,Satisfactory,22,7.867347510866219,4.165446423848057,9.967206065285724
805,806,Under Review,0,0.0,0.0,0.0
806,807,Unsatisfactory,155,75.42557126297841,39.298814900170825,40.27561383685077
807,808,Unsatisfactory,184,40.69534544947212,92.32044036917992,50.98421418134798
808,809,Under Review,0,0.0,0.0,0.0
809,810,Under Review,0,0.0,0.0,0.0
810,811,Satisfactory,61,6.488094463333836,25.974832450980216,28.537073085685943
811,812,Satisfactory,17,6.807109788280843,5.562541171316961,4.630349040402196
812,813,Satisfactory,13,1.6037397496126786,7.750979655862036,3.6452805945252846
813,814,Under Review,0,0.0,0.0,0.0
814,815,Unsatisfactory,170,16.92534666517956,41.43480353014306,111.6398498046774
815,816,Unsatisfactory,175,34.983857308525316,51.872919735586784,88.14322295588791
816,817,Unsatisfactory,146,48.9761065796932,56.23562979230142,40.78826362800538
817,818,Unsatisfactory,186,92.51500010991599,29.784452655565744,63.70054723451826
818,819,Under Review,0,0.0,0.0,0.0
819,820,Satisfactory,24,11.490003412162125,11.218892297209319,1.291104290628557
820,821,Under Review,0,0.0,0.0,0.0
821,822,Under Review,0,0.0,0.0,0.0
822,823,Unsatisfactory,143,43.06487071703806,65.24849785553573,34.68663142742621
823,824,Unsatisfactory,131,39.19038710668628,26.787111020301314,65.0225018730124
824,825,Satisfactory,21,7.539141693396559,3.7889639844511445,9.671894322152298
825,826,Satisfactory,12,1.9061536440225593,3.537048835955667,6.556797520021773
826,827,Satisfactory,27,9.464851925563122,7.1283637798144674,10.406784294622412
827,828,Unsatisfactory,104,21.821286460263433,41.0107926522371,41.16792088749946
828,829,Unsatisfactory,108,38.21957271998659,24.22421130522919,45.556215974784216
829,830,Unsatisfactory,105,10.998886854682928,37.8261014512048,56.17501169411227
830,831,Satisfactory,52,26.604367328394815,20.173676448357867,5.2219562232473224
831,832,Satisfactory,0,0.0,0.0,0.0
832,833,Unsatisfactory,108,19.37102088402933,65.1032550904235,23.525724025547156
833,834,Satisfactory,86,10.6497018330572,45.39617427838261,29.954123888560186
834,835,Satisfactory,96,18.03756688856534,59.6791920770963,18.283241034338353
835,836,Unsatisfactory,113,34.395355372075336,39.59364206179139,39.01100256613327
836,837,Unsatisfactory,157,84.6255956470359,50.285047062551754,22.08935729041237
837,838,Under Review,0,0.0,0.0,0.0
838,839,Satisfactory,87,33.72639364110667,19.140866038074414,34.132740320818925
839,840,Satisfactory,60,21.540504626182837,13.100989559855186,25.35850581396198
840,841,Satisfactory,3,1.478250514402351,0.23728349511794944,1.2844659904796996
841,842,Under Review,0,0.0,0.0,0.0
842,843,Under Review,0,0.0,0.0,0.0
843,844,Unsatisfactory,197,90.93776647522905,7.165945782112695,98.89628774265825
844,845,Under Review,0,0.0,0.0,0.0
845,846,Under Review,0,0.0,0.0,0.0
846,847,Unsatisfactory,152,33.890749739638025,40.37956432761363,77.72968593274835
847,848,Satisfactory,5,3.5284521217311475,0.9245975459271051,0.5469503323417473
848,849,Unsatisfactory,189,97.35802121690352,44.38810894749494,47.25386983560152
849,850,Satisfactory,69,13.972037983055083,27.244392183305063,27.783569833639856
850,851,Under Review,0,0.0,0.0,0.0
851,852,Unsatisfactory,185,65.09775951742725,79.98906331410751,39.91317716846524
852,853,Under Review,0,0.0,0.0,0.0
853,854,Satisfactory,95,12.900227644293537,45.94018276378948,36.159589591916976
854,855,Under Review,0,0.0,0.0,0.0
855,856,Unsatisfactory,128,56.058172893261634,71.6704505623586,0.271376544379767
856,857,Satisfactory,98,74.51299036755209,1.1769219463488434,22.310087686099074
857,858,Under Review,0,0.0,0.0,0.0
858,859,Unsatisfactory,145,44.871708078995155,69.97668377445615,30.15160814654869
859,860,Under Review,0,0.0,0.0,0.0
860,861,Under Review,0,0.0,0.0,0.0
861,862,Under Review,0,0.0,0.0,0.0
862,863,Under Review,0,0.0,0.0,0.0
863,864,Under Review,0,0.0,0.0,0.0
864,865,Under Review,0,0.0,0.0,0.0
865,866,Satisfactory,38,7.744940825233215,15.98723095275151,14.267828222015275
866,867,Satisfactory,64,0.9591590871142671,16.650494462572546,46.390346450313196
867,868,Satisfactory,68,19.917314368997328,17.368275312437298,30.714410318565367
868,869,Unsatisfactory,170,65.36568814918662,28.373496463677174,76.26081538713619
869,870,Under Review,0,0.0,0.0,0.0
870,871,Unsatisfactory,131,16.738089993361765,45.30700196928208,68.95490803735616
871,872,Under Review,0,0.0,0.0,0.0
872,873,Unsatisfactory,165,24.927271851287365,41.04168076128675,99.03104738742586
873,874,Under Review,0,0.0,0.0,0.0
874,875,Satisfactory,58,18.60178467731692,19.233145150469632,20.165070172213454
875,876,Satisfactory,8,2.897146898744395,2.2787742747555093,2.8240788265000956
876,877,Unsatisfactory,191,93.31457538744026,12.403691063463944,85.28173354909579
877,878,Satisfactory,45,14.891744098142105,16.23511877618982,13.873137125668073
878,879,Unsatisfactory,185,25.61758764557357,76.45438857267648,82.92802378174994
879,880,Satisfactory,65,10.070448751520466,47.8979727624533,7.031578486026231
880,881,Unsatisfactory,103,41.30081925687746,26.27180316076316,35.42737758235937
881,882,Satisfactory,20,3.075259505972048,5.761902883613632,11.162837610414318
882,883,Satisfactory,5,1.6639941018637847,1.935942888025792,1.4000630101104234
883,884,Under Review,0,0.0,0.0,0.0
884,885,Under Review,0,0.0,0.0,0.0
885,886,Satisfactory,54,25.558546571517937,16.515498908757845,11.925954519724213
886,887,Satisfactory,92,4.586547122133497,51.59107315796858,35.82237971989792
887,888,Satisfactory,69,4.1306797098820915,35.12914317653921,29.740177113578696
888,889,Satisfactory,36,17.347603657519702,12.47988352566473,6.172512816815568
889,890,Satisfactory,17,8.434086439980778,1.7018413534780605,6.864072206541163
890,891,Unsatisfactory,190,40.5643380553953,127.39472555776058,22.040936386844134
891,892,Unsatisfactory,106,29.037225154391326,41.98991869125474,34.97285615435392
892,893,Unsatisfactory,154,17.893001044631074,70.65886276507439,65.44813619029453
893,894,Under Review,0,0.0,0.0,0.0
894,895,Under Review,0,0.0,0.0,0.0
895,896,Under Review,0,0.0,0.0,0.0
896,897,Under Review,0,0.0,0.0,0.0
897,898,Unsatisfactory,112,24.69418870583364,86.4900779933923,0.8157333007740528
898,899,Under Review,0,0.0,0.0,0.0
899,900,Under Review,0,0.0,0.0,0.0
900,901,Under Review,0,0.0,0.0,0.0
901,902,Under Review,0,0.0,0.0,0.0
902,903,Unsatisfactory,178,47.994099159355216,48.852785361638524,81.15311547900626
903,904,Unsatisfactory,189,27.515094932973252,79.41452680603427,82.07037826099246
904,905,Satisfactory,31,9.156896781317133,7.4173393372732965,14.425763881409571
905,906,Under Review,0,0.0,0.0,0.0
906,907,Under Review,0,0.0,0.0,0.0
907,908,Under Review,0,0.0,0.0,0.0
908,909,Satisfactory,15,7.353250787691032,3.510453112992364,4.136296099316604
909,910,Under Review,0,0.0,0.0,0.0
910,911,Under Review,0,0.0,0.0,0.0
911,912,Unsatisfactory,154,37.4441833156727,40.01973919764951,76.53607748667778
912,913,Unsatisfactory,132,33.733236482325246,59.9023068298276,38.36445668784715
913,914,Under Review,0,0.0,0.0,0.0
914,915,Satisfactory,35,3.3923631888971513,16.297538550674577,15.310098260428271
915,916,Unsatisfactory,179,17.715238465489264,59.993838595207016,101.29092293930371
916,917,Under Review,0,0.0,0.0,0.0
917,918,Unsatisfactory,182,71.68362732736318,34.824317734124904,75.49205493851191
918,919,Satisfactory,70,15.81405202239301,8.45644569977616,45.729502277830825
919,920,Under Review,0,0.0,0.0,0.0
920,921,Unsatisfactory,198,127.602781446968,51.29960355313293,19.09761499989907
921,922,Unsatisfactory,159,73.2675938291483,9.62770391881677,76.10470225203494
922,923,Under Review,0,0.0,0.0,0.0
923,924,Unsatisfactory,154,27.662940671104053,72.86449111603817,53.47256821285779
924,925,Satisfactory,17,5.508764113105968,7.956053289892889,3.5351825970011443
925,926,Satisfactory,83,38.97604329216583,11.826347031857207,32.197609675976956
926,927,Unsatisfactory,179,82.8071691752743,75.60507346723806,20.587757357487664
927,928,Satisfactory,43,11.540212816121631,9.435090288344329,22.02469689553404
928,929,Under Review,0,0.0,0.0,0.0
929,930,Satisfactory,36,13.461407276912896,18.566581806489584,3.972010916597523
930,931,Under Review,0,0.0,0.0,0.0
931,932,Satisfactory,28,2.9609320473713914,11.50756112537642,13.531506827252189
932,933,Unsatisfactory,192,74.58191255775415,21.735612828344586,95.68247461390126
933,934,Satisfactory,20,9.088111953450666,2.1811397031490425,8.730748343400293
934,935,Unsatisfactory,152,5.116825752378092,76.88435497071436,69.99881927690755
935,936,Satisfactory,84,12.995539311056032,40.7618170762127,30.242643612731264
936,937,Satisfactory,65,20.4903282004994,21.75984546855489,22.74982633094571
937,938,Unsatisfactory,176,103.8158265473346,18.28323273043969,53.90094072222572
938,939,Unsatisfactory,166,100.1776907158864,43.649389962175924,22.17291932193767
939,940,Under Review,0,0.0,0.0,0.0
940,941,Under Review,0,0.0,0.0,0.0
941,942,Unsatisfactory,198,46.81433058890169,104.5822620658577,46.60340734524061
942,943,Unsatisfactory,143,62.82206874162235,57.763265536977165,22.414665721400468
943,944,Unsatisfactory,133,36.60457866771999,21.906181797940288,74.48923953433972
944,945,Under Review,0,0.0,0.0,0.0
945,946,Unsatisfactory,154,71.57071166134087,78.85899215561798,3.5702961830411497
946,947,Satisfactory,28,14.023736465387634,3.0696963237195867,10.906567210892781
947,948,Unsatisfactory,153,35.16827794874607,56.33434825843415,61.49737379281979
948,949,Under Review,0,0.0,0.0,0.0
949,950,Unsatisfactory,149,20.04456081505028,42.72595727051895,86.22948191443078
950,951,Under Review,0,0.0,0.0,0.0
951,952,Unsatisfactory,100,53.35940536942127,45.325833949803204,1.3147606807755352
952,953,Unsatisfactory,105,62.84531709573895,26.196738302604523,15.95794460165651
953,954,Unsatisfactory,175,94.2961162387695,23.119389704371784,57.58449405685872
954,955,Unsatisfactory,113,20.117828148786632,52.888448663649086,39.993723187564264
955,956,Under Review,0,0.0,0.0,0.0
956,957,Unsatisfactory,124,77.53060585600916,38.97123610779331,7.498158036197548
957,958,Satisfactory,10,3.229640493181982,5.559683131395182,1.210676375422836
958,959,Satisfactory,64,35.18966030535778,21.479029903230604,7.331309791411615
959,960,Under Review,0,0.0,0.0,0.0
960,961,Under Review,0,0.0,0.0,0.0
961,962,Satisfactory,25,9.051613641662861,2.897043542447421,13.051342815889717
962,963,Satisfactory,48,2.084257467503335,26.47099994477395,19.444742587722715
963,964,Satisfactory,19,13.680958320197036,0.30828532877757536,5.01075635102539
964,965,Satisfactory,86,23.61378807260216,26.341673228639344,36.044538698758494
965,966,Satisfactory,17,5.062865840991728,5.088862512624068,6.8482716463842035
966,967,Satisfactory,90,24.717919695876557,32.88834956200515,32.3937307421183
967,968,Satisfactory,46,19.22035365638577,20.238892581321643,6.5407537622925815
968,969,Under Review,0,0.0,0.0,0.0
969,970,Unsatisfactory,170,142.42652128892954,2.364328686253176,25.209150024817284
970,971,Unsatisfactory,190,61.908655160752474,92.51900098035196,35.57234385889557
971,972,Unsatisfactory,194,66.29241204482028,73.84523046096766,53.862357494212056
972,973,Under Review,0,0.0,0.0,0.0
973,974,Satisfactory,80,29.594885352848973,26.42365562533026,23.98145902182077
974,975,Under Review,0,0.0,0.0,0.0
975,976,Under Review,0,0.0,0.0,0.0
976,977,Under Review,0,0.0,0.0,0.0
977,978,Unsatisfactory,154,46.658736008386875,27.236476876066327,80.10478711554681
978,979,Unsatisfactory,155,71.26304390818214,37.641381766291914,46.09557432552594
979,980,Unsatisfactory,170,78.80408590398864,75.68457821559,15.511335880421358
980,981,Under Review,0,0.0,0.0,0.0
981,982,Satisfactory,18,6.836557311193425,0.9679752391186315,10.195467449687943
982,983,Satisfactory,88,31.090528270861228,24.67347033557614,32.23600139356263
983,984,Under Review,0,0.0,0.0,0.0
984,985,Satisfactory,44,18.057031946272012,22.58998997590195,3.352978077826033
985,986,Unsatisfactory,155,49.27604509131345,72.48006948768119,33.243885421005366
986,987,Unsatisfactory,100,40.60940624297798,33.4356715537278,25.954922203294224
987,988,Satisfactory,70,7.798172781427546,33.920741373696835,28.281085844875612
988,989,Under Review,0,0.0,0.0,0.0
989,990,Satisfactory,88,16.45977896149016,41.58979678221129,29.950424256298554
990,991,Under Review,0,0.0,0.0,0.0
991,992,Unsatisfactory,109,39.340499289670404,42.7342821014908,26.925218608838776
992,993,Unsatisfactory,178,73.91527542726404,78.69317704354009,25.391547529195872
993,994,Unsatisfactory,172,18.74483369028343,78.34099454350914,74.91417176620743
994,995,Unsatisfactory,165,96.3404950754859,59.25930710224265,9.400197822271432
995,996,Under Review,0,0.0,0.0,0.0
996,997,Satisfactory,28,11.804874313717717,5.3038291352258025,10.891296551056481
997,998,Unsatisfactory,188,78.42206954318469,12.33274569118715,97.24518476562817
998,999,Under Review,0,0.0,0.0,0.0
